index-entry-number,entry-number,entry-timestamp,key,jobcentre,name,jobcentre-district,address,start-date,end-date
893,893,2019-11-18T16:46:39Z,4554,4554,Whitchurch,118,100072000000,,
892,892,2019-11-18T16:46:39Z,4549,4549,Telford,118,452097936,,
891,891,2019-11-18T16:46:39Z,4551,4551,Shrewsbury,118,100072000000,,
890,890,2019-11-18T16:46:39Z,4550,4550,Oswestry,118,100072000000,,
889,889,2019-11-18T16:46:39Z,4507,4507,"Market Drayton",118,10014523996,,
888,888,2019-11-18T16:46:39Z,4541,4541,Bridgnorth,118,100071000000,,
881,881,2019-07-07T14:24:47Z,7622,7622,Ashton-under-Lyne,110,,,
880,880,2019-07-07T14:24:47Z,4578,4578,Lichfield,112,10091157379,2019-03-20,
879,879,2019-07-07T14:24:47Z,9612,9612,Caernarfon,115,,,
878,878,2019-07-07T14:24:47Z,4695,4695,"Walthamstow Forest Road",119,100022978380,,
877,877,2019-07-07T14:24:47Z,1541,1541,Uxbridge,106,10003003170,,
876,876,2019-07-07T14:24:47Z,1834,1834,Maidstone,117,10093304529,,
875,875,2019-07-07T14:24:47Z,4720,4720,Bromsgrove,118,10090745906,,
874,874,2019-07-07T14:24:47Z,7629,7629,Blackpool,105,100012609264,,
873,873,2019-07-07T14:24:47Z,1791,1791,Bexhill,137,10090511700,,
872,872,2018-10-15T16:03:58Z,1735,1735,Wandsworth,106,,,
871,871,2018-10-15T15:59:58Z,9822,9822,Bargoed,103,,,
870,870,2018-10-15T15:58:04Z,2756,2756,Peterborough,126,,,
869,869,2018-10-15T15:56:23Z,1533,1533,Finchley,120,200219316,,2018-06-01
868,868,2018-10-15T15:55:51Z,7663,7663,Longsight,110,10023053055,,2018-08-17
867,867,2018-10-15T15:55:27Z,8874,8874,"Newcastle West",114,4510136777,,2018-08-31
866,866,2018-10-15T15:54:50Z,6733,6733,Skipton,123,10013148444,,
865,865,2018-10-15T15:53:34Z,8822,8822,"Bishop Auckland",130,100110747300,,2018-08-13
864,864,2018-10-15T15:51:53Z,1619,1619,Leytonstone,119,100022959187,,2018-08-27
863,863,2018-10-15T15:51:10Z,1732,1732,Sutton,129,5870078578,,
862,862,2018-10-15T15:48:51Z,10820,10820,Alexandria,111,129001401,,2018-08-03
861,861,2018-10-15T15:48:21Z,4615,4615,"Birmingham Summer Row",132,100071450604,,2018-08-03
860,860,2018-07-06T09:48:55Z,5660,5660,Newark,116,10091746812,,
859,859,2018-07-06T09:47:06Z,4701,4701,Hereford,118,10094165678,,
858,858,2018-07-06T09:44:47Z,1812,1812,Worthing,137,100062226898,,
857,857,2018-07-06T09:44:32Z,1720,1720,Woking,137,10091796174,,
856,856,2018-07-06T09:44:16Z,1719,1719,Weybridge,137,100062360180,,
855,855,2018-07-06T09:44:02Z,1539,1539,Staines,137,33036453,,
854,854,2018-07-06T09:43:47Z,1718,1718,Redhill,137,68100710,,
853,853,2018-07-06T09:43:31Z,1807,1807,Newhaven,137,100062275994,,
852,852,2018-07-06T09:43:17Z,1805,1805,Littlehampton,137,100062237021,,
851,851,2018-07-06T09:43:03Z,1804,1804,Lewes,137,10033260740,,
850,850,2018-07-06T09:42:47Z,1797,1797,Hove,137,22009274,,
849,849,2018-07-06T09:42:32Z,1803,1803,Horsham,137,100062476616,,
848,848,2018-07-06T09:42:19Z,1802,1802,"Haywards Heath",137,100062484676,,
847,847,2018-07-06T09:42:04Z,1748,1748,Hastings,137,100062575413,,
846,846,2018-07-06T09:41:51Z,1715,1715,Guildford,137,200002883830,,
845,845,2018-07-06T09:41:36Z,1730,1730,Epsom,137,100062364798,,
844,844,2018-07-06T09:41:22Z,1798,1798,Eastbourne,137,10010654180,,
843,843,2018-07-06T09:41:04Z,1796,1796,Crawley,137,,,
842,842,2018-07-06T09:40:48Z,1795,1795,Chichester,137,100062410705,,
841,841,2018-07-06T09:40:29Z,1710,1710,Camberley,137,10002670464,,
840,840,2018-07-06T09:40:11Z,1793,1793,Brighton,137,22224669,,
839,839,2018-07-06T09:39:53Z,1792,1792,"Bognor Regis",137,100062416490,,
837,837,2018-07-06T09:39:16Z,3562,3562,Truro,140,100041204013,,
836,836,2018-07-05T11:58:18Z,3601,3601,Totnes,140,10093769588,,
835,835,2018-07-05T11:57:43Z,3599,3599,Torquay,140,10000010284,,
834,834,2018-07-05T11:57:24Z,3598,3598,Tiverton,140,10093533925,,
833,833,2018-07-05T11:56:53Z,3555,3555,"St Austell",140,100041031094,,
832,832,2018-07-05T11:56:27Z,3554,3554,Redruth,140,10013623421,,
831,831,2018-07-05T11:55:53Z,3592,3592,Plymouth,140,10012060174,,
830,830,2018-07-05T11:55:37Z,3552,3552,Penzance,140,,,
829,829,2018-07-05T11:55:22Z,3545,3545,"Penryn & Falmouth",140,100041022390,,
828,828,2018-07-05T11:55:04Z,3588,3588,"Newton Abbott",140,10032966626,,
827,827,2018-07-05T11:54:45Z,3551,3551,Newquay,140,100041216794,,
826,826,2018-07-05T11:54:23Z,3550,3550,Liskeard,140,10094082786,,
825,825,2018-07-05T11:54:07Z,3549,3549,Launceston,140,100041154371,,
824,824,2018-07-05T11:53:47Z,3583,3583,Honiton,140,100041043132,,
823,823,2018-07-05T11:53:28Z,3548,3548,Helston,140,100041207186,,
822,822,2018-07-05T11:52:50Z,3579,3579,Exeter,140,100041046430,,
821,821,2018-07-05T11:51:19Z,3541,3541,Bude,140,100041134921,,
820,820,2018-07-05T11:50:47Z,3580,3580,Devonport,140,100041156548,,
819,819,2018-07-05T11:50:25Z,3575,3575,Brixham,140,10093139425,,
818,818,2018-07-05T11:49:43Z,3540,3540,Bodmin,140,100041163121,,
817,817,2018-07-05T11:49:25Z,3573,3573,Bideford,140,10090289659,,
816,816,2018-07-05T11:49:02Z,3572,3572,Barnstaple,140,10091209889,,
815,815,2018-07-05T11:47:59Z,3706,3706,Yeovil,139,100041073284,,
814,814,2018-07-05T11:47:36Z,3757,3757,Yate,139,592672,,
813,813,2018-07-05T11:47:10Z,3705,3705,"Weston Super Mare",139,24001760,,
812,812,2018-07-05T11:46:34Z,3704,3704,Wells,139,250015115,,
811,811,2018-07-05T11:44:47Z,3761,3761,Tewkesbury,139,10091794282,,
810,810,2018-07-05T11:44:25Z,3701,3701,Taunton,139,,,
809,809,2018-07-05T11:44:08Z,3759,3759,Stroud,139,200003104096,,
808,808,2018-07-05T11:43:43Z,3505,3505,Shirehampton,139,259740,,
807,807,2018-07-05T11:43:17Z,3696,3696,Minehead,139,200003159267,,
806,806,2018-07-05T11:42:38Z,3751,3751,Kingswood,139,516235,,
805,805,2018-07-05T11:42:16Z,3763,3763,Horfield,139,14899,,
804,804,2018-07-05T11:41:53Z,3749,3749,Gloucester,139,100121373099,,
803,803,2018-07-05T11:40:59Z,3689,3689,Frome,139,250063440,,
802,802,2018-07-05T11:40:22Z,3738,3738,"Bristol Temple Street",139,370264,,
801,801,2018-07-05T11:39:37Z,3747,3747,Coleford,139,100121368777,,
800,800,2018-07-05T11:39:14Z,3686,3686,Clevedon,139,10091894680,,
799,799,2018-07-05T11:36:04Z,3746,3746,Cirencester,139,,,
798,798,2018-07-05T11:35:40Z,3753,3753,Cinderford,139,100121368643,,
797,797,2018-07-05T11:35:19Z,3737,3737,Cheltenham,139,100121230716,,
796,796,2018-07-05T11:34:59Z,3682,3682,Bridgwater,139,100041066707,,
795,795,2018-07-05T11:34:07Z,3756,3756,Bishopsworth,139,174444,,
794,794,2018-07-05T11:33:34Z,3739,3739,Bedminster,139,125667,,
793,793,2018-07-05T11:33:10Z,3681,3681,Bath,139,10001134646,,
792,792,2018-07-05T11:32:41Z,1699,1699,Witney,138,100121319809,,
791,791,2018-07-05T11:32:10Z,1784,1784,Slough,138,100081262400,,
790,790,2018-07-05T11:31:40Z,1763,1763,Reading,138,310062732,,
789,789,2018-07-05T11:31:11Z,1687,1687,Oxford,138,200004682490,,
788,788,2018-07-05T11:30:23Z,1761,1761,Newbury,138,100081225871,,
787,787,2018-07-05T11:30:06Z,1786,1786,"Milton Keynes",138,25043457,,
786,786,2018-07-05T11:29:43Z,1760,1760,Maidenhead,138,100081274168,,
785,785,2018-07-05T11:29:15Z,1780,1780,"High Wycombe",138,100081168799,,
784,784,2018-07-05T11:28:30Z,1758,1758,Didcot,138,100121303096,,
783,783,2018-07-05T11:28:12Z,1778,1778,Chesham,138,100081184314,,
782,782,2018-07-05T11:27:57Z,1757,1757,Bracknell,138,,,
781,781,2018-07-05T11:27:43Z,1563,1563,Banbury,138,10011910018,,
780,780,2018-07-05T11:27:23Z,1775,1775,Aylesbury,138,766254168,,
779,779,2018-07-05T11:26:59Z,1773,1773,Abingdon,138,100121312772,,
778,778,2018-07-05T11:26:39Z,10615,10615,Peterhead,136,151009034,,
777,777,2018-07-05T11:26:23Z,10755,10755,Perth,136,124017968,,
776,776,2018-07-05T11:26:12Z,10627,10627,Montrose,136,117071470,,
775,775,2018-07-05T11:25:57Z,10612,10612,Fraserburgh,136,151087540,,
774,774,2018-07-05T11:25:45Z,10625,10625,Forfar,136,117079597,,
773,773,2018-07-05T11:25:34Z,10624,10624,"Dundee Wellgate",136,9059030851,,
772,772,2018-07-05T11:25:13Z,10751,10751,Blairgowrie,136,124012504,,
771,771,2018-07-05T11:24:59Z,10640,10640,Banff,136,151088836,,
770,770,2018-07-05T11:24:46Z,10620,10620,Arbroath,136,117101896,,
769,769,2018-07-05T11:24:22Z,10619,10619,"Aberdeen Ebury House",136,10091750659,,
768,768,2018-07-05T11:23:40Z,10762,10762,Stornoway,135,,,
767,767,2018-07-05T11:23:11Z,10661,10661,Wick,135,,,
765,765,2018-07-05T11:14:07Z,10703,10703,Portree,135,130057250,,
764,764,2018-07-05T11:13:40Z,10608,10608,Lerwick,135,30100000167,,
763,763,2018-07-05T11:13:04Z,10607,10607,Kirkwall,135,134013516,,
762,762,2018-07-05T11:12:08Z,10702,10702,Inverness,135,10091801490,,
761,761,2018-07-05T11:11:45Z,10761,10761,Invergordon,135,130005762,,
760,760,2018-07-05T11:08:17Z,10701,10701,"Fort William",135,130179757,,
759,759,2018-07-05T11:03:54Z,10731,10731,Forres,135,133039602,,
758,758,2018-07-05T11:03:35Z,10730,10730,Elgin,135,133000825,,
757,757,2018-07-05T11:03:09Z,10764,10764,Dingwall,135,130000923,,
756,756,2018-07-05T11:02:37Z,10641,10641,Buckie,135,133038827,,
755,755,2018-07-05T11:01:33Z,1869,1869,Dalston,119,10008243678,,2017-11-06
754,754,2018-07-05T11:01:09Z,7701,7701,"St Annes",105,100012618420,,
753,753,2018-07-05T11:00:28Z,9872,9872,Blackwood,103,,,
752,752,2018-07-05T10:56:39Z,1729,1729,Croydon,129,10014056274,,
751,751,2018-07-05T10:54:53Z,2752,2752,Huntingdon,126,10091827040,,
750,750,2018-07-05T10:53:17Z,9643,9643,"Colwyn Bay",115,200002948286,,
749,749,2018-07-05T10:52:19Z,5681,5681,"Nottingham Loxley House",116,,,
748,748,2018-07-05T10:34:19Z,5665,5665,Ashfield,116,10070855535,,
747,747,2018-05-11T14:51:39Z,2558,2558,Thetford,126,10011955089,,
746,746,2018-05-11T14:50:02Z,4747,4747,Redditch,118,100120627750,,
745,745,2018-05-11T14:48:50Z,5690,5690,Boston,116,10091827004,,
744,744,2018-05-11T09:47:41Z,1828,1828,"Herne Bay",117,10033162463,,2018-03-09
743,743,2018-05-10T13:22:20Z,2770,2770,Haverhill,126,10009740365,,
741,741,2018-05-10T13:13:57Z,5696,5696,Spalding,116,10015211250,,
740,740,2018-05-10T13:12:46Z,2552,2552,"Kingâ€™s Lynn",126,10091948888,,
739,739,2018-05-10T13:11:49Z,1843,1843,"Tunbridge Wells",117,10008660862,,2018-03-16
738,738,2018-05-10T13:11:09Z,7623,7623,Wavertree,107,38076262,,2018-03-16
737,737,2018-05-10T13:10:35Z,4725,4725,Kidderminster,118,100121282994,,
736,736,2018-05-10T11:54:16Z,7526,7526,Wythenshawe,110,10024148977,,
735,735,2018-05-10T11:53:05Z,7529,7529,Winsford,133,100012603083,,
734,734,2018-05-10T11:51:59Z,1846,1846,Whitstable,117,100062300448,,2018-03-09
733,733,2018-05-10T11:51:10Z,5658,5658,Mansfield,116,100032107530,,
731,731,2018-05-10T11:09:24Z,1518,1518,Hammersmith,106,10091857712,,2018-03-02
730,730,2018-05-10T11:07:00Z,7722,7722,"Edge Hill, Liverpool",107,38085037,,2018-03-02
729,729,2018-05-10T11:03:35Z,10852,10852,Lanark,108,,,
728,728,2018-05-09T09:17:45Z,1603,1603,Kilburn,106,202019790,,2018-02-03
727,727,2018-05-09T09:17:09Z,4640,4640,"Coventry Tile Hill",118,10034513584,,2018-02-03
726,726,2018-03-21T12:58:19Z,7719,7719,"Liverpool City",107,10091969040,,
724,724,2018-03-21T11:31:12Z,1520,1520,"City Tower",119,,,2018-02-22
723,723,2018-03-21T11:29:21Z,5769,5769,"Derby Normanton",112,100031998933,,2018-02-23
722,722,2018-03-21T11:27:50Z,1628,1628,"Clapham Common",129,10090198721,,2018-02-23
721,721,2018-03-21T11:26:59Z,1526,1526,Brixton,129,,,2018-02-23
719,719,2018-03-21T11:25:27Z,7664,7664,Leyland,105,10013239162,,
718,718,2018-03-21T11:22:28Z,10552,10552,Parkhead,108,906700152289,,2018-02-16
717,717,2018-03-21T11:21:22Z,5533,5533,"Derby City Centre",112,100031998929,,
715,715,2018-03-21T11:16:25Z,1542,1542,Andover,109,200000710896,,
713,713,2018-03-21T11:11:35Z,6706,6706,"Hull Market Place",123,200001248846,,2018-02-09
712,712,2018-03-21T11:10:03Z,7619,7619,"Blackpool North",105,10000109907,,2018-02-09
711,711,2018-03-21T11:09:07Z,4545,4545,Madeley,112,452070605,,2018-02-05
710,710,2018-03-21T11:08:10Z,1731,1731,Kingston,106,10091802492,,
709,709,2018-03-21T10:57:14Z,4552,4552,Wellington,112,452078405,,2018-01-26
708,708,2018-03-21T10:56:30Z,1538,1538,Southall,106,12154108,,2018-01-26
707,707,2018-03-21T10:55:47Z,6691,6691,Goldthorpe,121,100052105115,,2018-01-12
706,706,2018-03-21T10:54:50Z,1515,1515,Lewisham,129,100023278206,,2018-01-26
705,705,2018-03-21T10:54:13Z,1821,1821,Highgate,120,5300030632,,2018-01-23
703,703,2018-03-21T10:52:38Z,10584,10584,Langside,108,906700398120,,2018-01-19
702,702,2018-03-21T10:51:51Z,1614,1614,Dagenham,119,100100925,,2018-01-19
701,701,2018-03-21T10:51:01Z,10554,10554,Maryhill,108,906700076480,,2018-01-12
700,700,2018-03-21T10:46:18Z,6730,6730,Shipley,125,100051936407,,2018-01-05
698,698,2018-02-19T13:57:55Z,9820,9820,Aberdare,101,200003771457,,
696,696,2018-02-19T13:57:55Z,9570,9570,Abergavenny,103,200000951317,,
695,695,2018-02-19T13:57:55Z,9871,9871,Abertillery,103,10070620015,,
694,694,2018-02-19T13:57:55Z,9630,9630,Aberystwyth,101,49019765,,
692,692,2018-02-19T13:57:55Z,7620,7620,Accrington,105,100012544862,,
691,691,2018-02-19T13:57:55Z,1568,1568,Acton,106,12152529,,
690,690,2018-02-19T13:57:55Z,7671,7671,Aintree,107,38159397,,2017-11-17
689,689,2018-02-19T13:57:55Z,10840,10840,Airdrie,108,118138883,,
688,688,2018-02-19T13:57:55Z,1516,1516,Aldershot,109,100062646337,,
687,687,2018-02-19T13:57:55Z,7698,7698,"Alexandra Park, Manchester",110,77098506,,
685,685,2018-02-19T13:57:55Z,5770,5770,Alfreton,112,10000256995,,
684,684,2018-02-19T13:57:55Z,10604,10604,Alloa,113,35004374,,
683,683,2018-02-19T13:57:55Z,8600,8600,Alnwick,114,10001021764,,
682,682,2018-02-19T13:57:55Z,1683,1683,Alton,109,1710105079,,
681,681,2018-02-19T13:57:55Z,7501,7501,Altrincham,110,10070492404,,
680,680,2018-02-19T13:57:55Z,9600,9600,Amlwch,115,10024357076,,
679,679,2018-02-19T13:57:55Z,9510,9510,Ammanford,101,10004860980,,
677,677,2018-02-19T13:57:55Z,10530,10530,Annan,111,137026147,,
676,676,2018-02-19T13:57:55Z,10560,10560,Anniesland,108,906700511896,,2017-11-24
674,674,2018-02-19T13:57:55Z,5654,5654,Arnold,116,10091819839,,
673,673,2018-02-19T13:57:55Z,1820,1820,Ashford,117,,,
672,672,2018-02-19T13:57:55Z,8602,8602,Ashington,114,100110768302,,
671,671,2018-02-19T13:57:55Z,7621,7621,Ashton-in-Makerfield,110,100012854912,,
669,669,2018-02-19T13:57:55Z,4646,4646,Atherstone,118,10091768723,,
668,668,2018-02-19T13:57:55Z,7624,7624,Atherton,110,100012855174,,2017-10-27
666,666,2018-02-19T13:57:55Z,10502,10502,Ayr,111,141023765,,
663,663,2018-02-19T13:57:55Z,9610,9610,Bangor,115,200003183076,,
661,661,2018-02-19T13:57:55Z,1611,1611,Barking,119,100100684,,
660,660,2018-02-19T13:57:55Z,1649,1649,Barnet,120,200204941,,
659,659,2018-02-19T13:57:55Z,1514,1514,Barnsbury,120,5300006487,,
658,658,2018-02-19T13:57:55Z,6674,6674,Barnsley,121,100052111342,,
656,656,2018-02-19T13:57:55Z,10880,10880,Barrhead,111,131027979,,
655,655,2018-02-19T13:57:55Z,8627,8627,Barrow-in-Furness,105,36005453,,
654,654,2018-02-19T13:57:55Z,9823,9823,Barry,103,64004926,,
653,653,2018-02-19T13:57:55Z,6630,6630,Barton-Upon-Humber,123,100051969842,,
652,652,2018-02-19T13:57:55Z,1593,1593,Basildon,124,10013346310,,
651,651,2018-02-19T13:57:55Z,1704,1704,Basingstoke,109,10008486354,,
649,649,2018-02-19T13:57:55Z,10891,10891,Bathgate,113,200004134808,,
648,648,2018-02-19T13:57:55Z,6675,6675,Batley,125,83168653,,2017-12-08
647,647,2018-02-19T13:57:55Z,2760,2760,Beccles,126,100091571406,,
646,646,2018-02-19T13:57:55Z,1881,1881,Bedford,127,10033186672,,
645,645,2018-02-19T13:57:55Z,8603,8603,Bedlington,114,10024651915,,
643,643,2018-02-19T13:57:55Z,4603,4603,Bedworth,118,100071359985,,
642,642,2018-02-19T13:57:55Z,5652,5652,Beeston,116,10003431396,,
641,641,2018-02-19T13:57:55Z,7615,7615,"Belle Vale, Liverpool",107,38032035,,
640,640,2018-02-19T13:57:55Z,10565,10565,Bellshill,108,118114373,,
639,639,2018-02-19T13:57:55Z,5773,5773,Belper,112,100032020476,,
638,638,2018-02-19T13:57:55Z,8604,8604,Berwick,114,10024651916,,
637,637,2018-02-19T13:57:55Z,6677,6677,Beverley,123,10024213792,,
635,635,2018-02-19T13:57:55Z,1885,1885,Bexleyheath,129,100022922349,,
633,633,2018-02-19T13:57:55Z,1873,1873,Biggleswade,127,100081252533,,
632,632,2018-02-19T13:57:55Z,8538,8538,Billingham,130,100110783739,,
631,631,2018-02-19T13:57:55Z,4562,4562,Bilston,131,100071405188,,
630,630,2018-02-19T13:57:55Z,7503,7503,Birkenhead,107,42163104,,
628,628,2018-02-19T13:57:55Z,4602,4602,"Birmingham South West",132,100071453409,,
625,625,2018-02-19T13:57:55Z,7628,7628,Blackburn,105,100012534744,,
620,620,2018-02-19T13:57:55Z,3770,3770,Blandford,109,100041116812,,
619,619,2018-02-19T13:57:55Z,8823,8823,Blaydon,114,10022992772,,
618,618,2018-02-19T13:57:55Z,8605,8605,Blyth,114,10024650065,,
615,615,2018-02-19T13:57:55Z,5518,5518,Bolsover,112,100032185053,,2017-12-01
614,614,2018-02-19T13:57:55Z,7641,7641,"Bolton, Blackhorse Street",110,200002563739,,
613,613,2018-02-19T13:57:55Z,7631,7631,Bootle,107,41091334,,
611,611,2018-02-19T13:57:55Z,1598,1598,Borehamwood,127,10034169459,,
609,609,2018-02-19T13:57:55Z,3605,3605,Bournemouth,109,10014277417,,
607,607,2018-02-19T13:57:55Z,6701,6701,"Bradford Eastbrook Court",125,100051930781,,
606,606,2018-02-19T13:57:55Z,6670,6670,"Bradford Westfield House",125,10010581672,,
605,605,2018-02-19T13:57:55Z,1580,1580,Braintree,124,10006914422,,
604,604,2018-02-19T13:57:55Z,9501,9501,Brecon,115,200001885127,,
603,603,2018-02-19T13:57:55Z,1581,1581,Brentwood,124,100091433831,,
602,602,2018-02-19T13:57:55Z,9824,9824,Bridgend,101,200002655523,,
601,601,2018-02-19T13:57:55Z,10541,10541,Bridgeton,108,,,2018-02-02
598,598,2018-02-19T13:57:55Z,6680,6680,Bridlington,123,10024213790,,
597,597,2018-02-19T13:57:55Z,3771,3771,Bridport,109,100041032865,,
596,596,2018-02-19T13:57:55Z,6681,6681,Brighouse,125,100052218424,,2017-11-24
591,591,2018-02-19T13:57:55Z,4604,4604,"Broad Street, Birmingham",132,100071567987,,
590,590,2018-02-19T13:57:55Z,7519,7519,Bromborough,107,42177614,,
589,589,2018-02-19T13:57:55Z,1886,1886,Bromley,129,10091905420,,
587,587,2018-02-19T13:57:55Z,4565,4565,Brownhills,131,100071553496,,
586,586,2018-02-19T13:57:55Z,10892,10892,Broxburn,113,200004087525,,2017-10-06
583,583,2018-02-19T13:57:55Z,5651,5651,Bulwell,116,100032287792,,
582,582,2018-02-19T13:57:55Z,7632,7632,Burnley,105,10023762601,,
581,581,2018-02-19T13:57:55Z,4567,4567,"Burton on Trent",112,10091770831,,
580,580,2018-02-19T13:57:55Z,7633,7633,Bury,110,10003109333,,
579,579,2018-02-19T13:57:55Z,2763,2763,"Bury St Edmunds",126,10009744626,,
578,578,2018-02-19T13:57:55Z,7595,7595,Buxton,112,10010758347,,
576,576,2018-02-19T13:57:55Z,9826,9826,Caerphilly,103,43024416,,
575,575,2018-02-19T13:57:55Z,9571,9571,Caldicot,103,100100978164,,
573,573,2018-02-19T13:57:55Z,2743,2743,Cambridge,126,200004162660,,
572,572,2018-02-19T13:57:55Z,10842,10842,Cambuslang,108,484156204,,
571,571,2018-02-19T13:57:55Z,10630,10630,Campbeltown,111,125030454,,
570,570,2018-02-19T13:57:55Z,1701,1701,"Canning Town",119,10008987982,,
569,569,2018-02-19T13:57:55Z,4568,4568,Cannock,112,200003093400,,
568,568,2018-02-19T13:57:55Z,1822,1822,Canterbury,117,200000678081,,
567,567,2018-02-19T13:57:55Z,1601,1601,"Canvey Island",124,10004934789,,
566,566,2018-02-19T13:57:55Z,9504,9504,"Cardiff Alexandra House",103,100100914685,,
565,565,2018-02-19T13:57:55Z,9828,9828,"Cardiff Charles Street",103,100100890237,,
564,564,2018-02-19T13:57:55Z,9631,9631,Cardigan,101,49000768,,
563,563,2018-02-19T13:57:55Z,8504,8504,Carlisle,105,10008705506,,
562,562,2018-02-19T13:57:55Z,9512,9512,Carmarthen,101,10024324593,,
561,561,2018-02-19T13:57:55Z,6683,6683,Castleford,125,63166784,,
560,560,2018-02-19T13:57:55Z,10859,10859,Castlemilk,108,906700260859,,
559,559,2018-02-19T13:57:55Z,6684,6684,Chapeltown,121,10091834650,,
558,558,2018-02-19T13:57:55Z,1823,1823,Chatham,117,44038469,,
557,557,2018-02-19T13:57:55Z,7554,7554,"Cheetham Hill",110,77001151,,
556,556,2018-02-19T13:57:55Z,1584,1584,Chelmsford,124,200004624834,,
555,555,2018-02-19T13:57:55Z,4605,4605,"Chelmsley Wood",132,,,
553,553,2018-02-19T13:57:55Z,9576,9576,Chepstow,103,200000957336,,
551,551,2018-02-19T13:57:55Z,7505,7505,Chester,133,100012824396,,
550,550,2018-02-19T13:57:55Z,8824,8824,Chester-Le-Street,130,100110739939,,
549,549,2018-02-19T13:57:55Z,5774,5774,Chesterfield,112,,,
547,547,2018-02-19T13:57:55Z,3803,3803,Chippenham,109,100121327529,,
546,546,2018-02-19T13:57:55Z,7637,7637,Chorley,105,100012830164,,
545,545,2018-02-19T13:57:55Z,7925,7925,Chorlton,110,10023058261,,2017-09-22
541,541,2018-02-19T13:57:55Z,1585,1585,Clacton,124,100091463456,,
539,539,2018-02-19T13:57:55Z,5775,5775,"Clay Cross",112,10034038148,,2017-11-10
537,537,2018-02-19T13:57:55Z,7639,7639,Clitheroe,105,10022971243,,
536,536,2018-02-19T13:57:55Z,10822,10822,Clydebank,111,129000003,,
535,535,2018-02-19T13:57:55Z,5811,5811,Coalville,134,100032067883,,
534,534,2018-02-19T13:57:55Z,1570,1570,Colchester,124,100091467529,,
531,531,2018-02-19T13:57:55Z,7506,7506,Congleton,133,100012599271,,
530,530,2018-02-19T13:57:55Z,8827,8827,Consett,130,100110742520,,
529,529,2018-02-19T13:57:55Z,5520,5520,Corby,134,10006865922,,
528,528,2018-02-19T13:57:55Z,1850,1850,Cosham,109,1775038266,,
527,527,2018-02-19T13:57:55Z,4638,4638,"Coventry Cofa Court",118,100071492310,,
525,525,2018-02-19T13:57:55Z,10683,10683,Cowdenbeath,113,320190031,,
524,524,2018-02-19T13:57:55Z,8611,8611,Cramlington,114,10035314906,,
522,522,2018-02-19T13:57:55Z,7533,7533,Crewe,133,100012595268,,
521,521,2018-02-19T13:57:55Z,2543,2543,Cromer,126,10034808413,,
520,520,2018-02-19T13:57:55Z,8828,8828,Crook,130,100110748385,,
519,519,2018-02-19T13:57:55Z,7668,7668,Crosby,107,41045166,,
517,517,2018-02-19T13:57:55Z,10821,10821,Cumbernauld,108,118032998,,
516,516,2018-02-19T13:57:55Z,10504,10504,Cumnock,111,127039044,,
515,515,2018-02-19T13:57:55Z,10684,10684,Cupar,113,320177394,,
514,514,2018-02-19T13:57:55Z,9882,9882,Cwmbran,103,100100981495,,
512,512,2018-02-19T13:57:55Z,10570,10570,Dalkeith,113,120032394,,
510,510,2018-02-19T13:57:55Z,8529,8529,Darlington,130,10013319412,,
509,509,2018-02-19T13:57:55Z,1825,1825,Dartford,117,100062308137,,
508,508,2018-02-19T13:57:55Z,7644,7644,Darwen,105,100012542105,,2017-09-22
507,507,2018-02-19T13:57:55Z,5521,5521,Daventry,134,28010493,,
504,504,2018-02-19T13:57:55Z,2544,2544,Dereham,126,10091821859,,
503,503,2018-02-19T13:57:55Z,3795,3795,Devizes,109,100121321354,,
501,501,2018-02-19T13:57:55Z,6685,6685,Dewsbury,125,83164899,,
499,499,2018-02-19T13:57:55Z,7718,7718,Didsbury,110,77107762,,
497,497,2018-02-19T13:57:55Z,6763,6763,Dinnington,121,100052090938,,
496,496,2018-02-19T13:57:55Z,2545,2545,Diss,126,2630155562,,
495,495,2018-02-19T13:57:55Z,9618,9618,Dolgellau,115,10070275977,,
494,494,2018-02-19T13:57:55Z,6699,6699,Doncaster,121,100051961457,,
493,493,2018-02-19T13:57:55Z,1827,1827,Dover,117,100062288491,,
492,492,2018-02-19T13:57:55Z,10550,10550,Drumchapel,108,906700079243,,
491,491,2018-02-19T13:57:55Z,4722,4722,Dudley,131,90153401,,
490,490,2018-02-19T13:57:55Z,10823,10823,Dumbarton,111,10092760990,,
489,489,2018-02-19T13:57:55Z,10531,10531,Dumfries,111,137017893,,
487,487,2018-02-19T13:57:55Z,10685,10685,Dunfermline,113,320190108,,
486,486,2018-02-19T13:57:55Z,10631,10631,Dunoon,111,125030211,,
485,485,2018-02-19T13:57:55Z,1874,1874,Dunstable,127,100081195955,,
484,484,2018-02-19T13:57:55Z,8831,8831,Durham,130,200003219646,,
483,483,2018-02-19T13:57:55Z,1571,1571,Ealing,106,12113754,,
482,482,2018-02-19T13:57:55Z,1615,1615,"East Ham",119,46251154,,2017-11-03
481,481,2018-02-19T13:57:55Z,10845,10845,"East Kilbride",108,484139134,,
479,479,2018-02-19T13:57:55Z,10556,10556,Easterhouse,108,,,2018-02-09
478,478,2018-02-19T13:57:55Z,1707,1707,Eastleigh,109,100062535137,,
477,477,2018-02-19T13:57:55Z,3755,3755,Easton,104,64720,,2017-12-15
476,476,2018-02-19T13:57:55Z,9877,9877,"Ebbw Vale",103,10091821210,,
475,475,2018-02-19T13:57:55Z,7647,7647,Eccles,110,10007886511,,
473,473,2018-02-19T13:57:55Z,1572,1572,Edgware,120,10070267705,,2017-12-15
472,472,2018-02-19T13:57:55Z,1549,1549,Edmonton,120,207177296,,
470,470,2018-02-19T13:57:55Z,7508,7508,"Ellesmere Port",133,10014518308,,
469,469,2018-02-19T13:57:55Z,1890,1890,Eltham,129,100023284259,,2017-12-01
468,468,2018-02-19T13:57:55Z,2742,2742,Ely,126,10002593207,,
467,467,2018-02-19T13:57:55Z,1532,1532,Enfield,120,207137419,,
465,465,2018-02-19T13:57:55Z,4645,4645,Erdington,132,10091554968,,
464,464,2018-02-19T13:57:55Z,8794,8794,Eston,130,100110790532,,
463,463,2018-02-19T13:57:55Z,7610,7610,Everton,107,38021577,,
462,462,2018-02-19T13:57:55Z,4723,4723,Evesham,118,10013941581,,
460,460,2018-02-19T13:57:55Z,10652,10652,Eyemouth,113,116034395,,
459,459,2018-02-19T13:57:55Z,2547,2547,Fakenham,126,10091821352,,
458,458,2018-02-19T13:57:55Z,10792,10792,Falkirk,113,136019033,,
457,457,2018-02-19T13:57:55Z,1744,1744,Fareham,109,100062408022,,
456,456,2018-02-19T13:57:55Z,1604,1604,Farnborough,109,200001815425,,
455,455,2018-02-19T13:57:55Z,2766,2766,Felixstowe,126,100091484362,,
453,453,2018-02-19T13:57:55Z,1512,1512,"Finsbury Park",120,,,
452,452,2018-02-19T13:57:55Z,7754,7754,Fleetwood,105,10034084054,,
451,451,2018-02-19T13:57:55Z,9661,9661,Flint,115,10090465651,,
450,450,2018-02-19T13:57:55Z,1829,1829,Folkestone,117,10091768091,,
449,449,2018-02-19T13:57:55Z,1566,1566,"Forest Hill",129,100023255647,,
443,443,2018-02-19T13:57:55Z,1522,1522,Fulham,106,34106626,,
442,442,2018-02-19T13:57:55Z,5634,5634,Gainsborough,116,10090697764,,
441,441,2018-02-19T13:57:55Z,10780,10780,Galashiels,113,116067643,,
440,440,2018-02-19T13:57:55Z,7652,7652,"Garston, Liverpool",107,38142717,,
439,439,2018-02-19T13:57:55Z,8835,8835,Gateshead,114,100000516732,,
438,438,2018-02-19T13:57:55Z,10507,10507,Girvan,111,141051435,,
437,437,2018-02-19T13:57:55Z,10687,10687,Glenrothes,113,320178635,,
436,436,2018-02-19T13:57:55Z,7597,7597,Glossop,112,10010740531,,
433,433,2018-02-19T13:57:55Z,6692,6692,Goole,123,100051963916,,
432,432,2018-02-19T13:57:55Z,9532,9532,Gorseinon,101,200002958908,,
431,431,2018-02-19T13:57:55Z,1612,1612,Gosport,109,37033068,,
430,430,2018-02-19T13:57:55Z,10549,10549,Govan,108,906700169080,,
429,429,2018-02-19T13:57:55Z,10793,10793,Grangemouth,113,136051422,,
428,428,2018-02-19T13:57:55Z,5692,5692,Grantham,116,10007265619,,
427,427,2018-02-19T13:57:55Z,1831,1831,Gravesend,117,100062311366,,
426,426,2018-02-19T13:57:55Z,1606,1606,Grays,124,100091538725,,
425,425,2018-02-19T13:57:55Z,2548,2548,"Great Yarmouth",126,10023462534,,
424,424,2018-02-19T13:57:55Z,10501,10501,Greenock,111,119000460,,
423,423,2018-02-19T13:57:55Z,6636,6636,Grimsby,123,11070128,,
421,421,2018-02-19T13:57:55Z,8783,8783,Guisborough,130,10023901682,,
420,420,2018-02-19T13:57:55Z,6690,6690,Guiseley,125,72293373,,
419,419,2018-02-19T13:57:55Z,1511,1511,Hackney,119,100023013910,,
418,418,2018-02-19T13:57:55Z,4724,4724,Halesowen,131,90143259,,
417,417,2018-02-19T13:57:55Z,6695,6695,Halifax,125,100052037514,,
416,416,2018-02-19T13:57:55Z,10850,10850,Hamilton,108,484066355,,
414,414,2018-02-19T13:57:55Z,4607,4607,Handsworth,132,100071440511,,
413,413,2018-02-19T13:57:55Z,4574,4574,Hanley,112,3455123553,,
412,412,2018-02-19T13:57:55Z,1529,1529,Harlesden,106,202085916,,
411,411,2018-02-19T13:57:55Z,1589,1589,Harlow,124,100091442754,,
410,410,2018-02-19T13:57:55Z,6696,6696,Harrogate,123,100052005016,,
409,409,2018-02-19T13:57:55Z,1865,1865,Harrow,106,200004438592,,
408,408,2018-02-19T13:57:55Z,8856,8856,Hartlepool,130,100110785114,,
407,407,2018-02-19T13:57:55Z,1590,1590,Harwich,124,100091630482,,
405,405,2018-02-19T13:57:55Z,1675,1675,Hatfield,127,10014210263,,
404,404,2018-02-19T13:57:55Z,1617,1617,Havant,109,100062457205,,
403,403,2018-02-19T13:57:55Z,9591,9591,Haverfordwest,101,200002959850,,
401,401,2018-02-19T13:57:55Z,10770,10770,Hawick,113,116077237,,
400,400,2018-02-19T13:57:55Z,1535,1535,Hayes,106,100023417044,,
398,398,2018-02-19T13:57:55Z,5778,5778,Heanor,112,100032027697,,
397,397,2018-02-19T13:57:55Z,10824,10824,Helensburgh,111,125015150,,
395,395,2018-02-19T13:57:55Z,1666,1666,"Hemel Hempstead",127,100081165300,,
394,394,2018-02-19T13:57:55Z,6736,6736,Hemsworth,125,63161703,,
393,393,2018-02-19T13:57:55Z,1536,1536,Hendon,120,200220256,,
390,390,2018-02-19T13:57:55Z,1755,1755,Hertford,127,10033100087,,
389,389,2018-02-19T13:57:55Z,6700,6700,Hessle,123,100052015928,,
388,388,2018-02-19T13:57:55Z,8606,8606,Hexham,114,10024651914,,
387,387,2018-02-19T13:57:55Z,7656,7656,Heywood,110,23031354,,
386,386,2018-02-19T13:57:55Z,10578,10578,"High Riggs, Edinburgh",113,906124967,,
383,383,2018-02-19T13:57:55Z,5812,5812,Hinckley,134,,,
382,382,2018-02-19T13:57:55Z,9602,9602,Holyhead,115,100100961594,,
379,379,2018-02-19T13:57:55Z,1564,1564,Hornchurch,119,10033423845,,2017-10-20
377,377,2018-02-19T13:57:55Z,8840,8840,Houghton-le-Spring,114,45012267,,
376,376,2018-02-19T13:57:55Z,1537,1537,Hounslow,106,,,
374,374,2018-02-19T13:57:55Z,1519,1519,Hoxton,119,100023135571,,
373,373,2018-02-19T13:57:55Z,6712,6712,Huddersfield,125,83057568,,
372,372,2018-02-19T13:57:55Z,6727,6727,"Hull Britannia House",123,10024008291,,
369,369,2018-02-19T13:57:55Z,7690,7690,Huyton,107,40073874,,
368,368,2018-02-19T13:57:55Z,7511,7511,Hyde,110,100012775633,,
367,367,2018-02-19T13:57:55Z,1669,1669,Hythe,109,100062534043,,
366,366,2018-02-19T13:57:55Z,5779,5779,Ilkeston,112,100032024998,,
365,365,2018-02-19T13:57:55Z,6511,6511,Immingham,123,10090084222,,
362,362,2018-02-19T13:57:55Z,2772,2772,Ipswich,126,100091481958,,
361,361,2018-02-19T13:57:55Z,7659,7659,Irlam,110,10004676421,,
360,360,2018-02-19T13:57:55Z,10808,10808,Irvine,111,126036883,,
359,359,2018-02-19T13:57:55Z,8841,8841,Jarrow,114,100000504014,,
358,358,2018-02-19T13:57:55Z,10882,10882,Johnstone,111,123020370,,
357,357,2018-02-19T13:57:55Z,6708,6708,Keighley,125,10090402900,,
356,356,2018-02-19T13:57:55Z,8576,8576,Kendal,105,100110759764,,
355,355,2018-02-19T13:57:55Z,1684,1684,"Kennington Park",129,100023229216,,
354,354,2018-02-19T13:57:55Z,1560,1560,"Kentish Town",120,5123975,,
353,353,2018-02-19T13:57:55Z,5524,5524,Kettering,134,10007869515,,
351,351,2018-02-19T13:57:55Z,4576,4576,Kidsgrove,112,100032219172,,
350,350,2018-02-19T13:57:55Z,10809,10809,Kilbirnie,111,,,
348,348,2018-02-19T13:57:55Z,8890,8890,Killingworth,114,47102182,,
347,347,2018-02-19T13:57:55Z,10812,10812,Kilmarnock,111,127011529,,
345,345,2018-02-19T13:57:55Z,4503,4503,"Kings Heath",132,100071428355,,
342,342,2018-02-19T13:57:55Z,7672,7672,Kirkby,107,40072942,,
341,341,2018-02-19T13:57:55Z,10688,10688,Kirkcaldy,113,320183424,,
340,340,2018-02-19T13:57:55Z,10825,10825,Kirkintilloch,108,132022851,,
337,337,2018-02-19T13:57:55Z,7661,7661,Lancaster,105,10024270566,,
334,334,2018-02-19T13:57:55Z,10553,10553,Laurieston,108,906700295223,,
333,333,2018-02-19T13:57:55Z,4610,4610,"Leamington Spa",118,10023409940,,
332,332,2018-02-19T13:57:55Z,6653,6653,"Leeds Eastgate",125,72062351,,
331,331,2018-02-19T13:57:55Z,6718,6718,"Leeds Park Place",125,72547440,,
330,330,2018-02-19T13:57:55Z,6725,6725,"Leeds Southern House",125,72240677,,
329,329,2018-02-19T13:57:55Z,5818,5818,"Leicester Charles Street",134,2465164946,,
328,328,2018-02-19T13:57:55Z,5817,5817,"Leicester New Walk",134,2465058657,,
327,327,2018-02-19T13:57:55Z,5820,5820,"Leicester Wellington Street",134,2465060138,,
326,326,2018-02-19T13:57:55Z,7662,7662,Leigh,110,100012818957,,
325,325,2018-02-19T13:57:55Z,1875,1875,"Leighton Buzzard",127,10091811832,,
324,324,2018-02-19T13:57:55Z,2773,2773,Leiston,126,10090647361,,
323,323,2018-02-19T13:57:55Z,10573,10573,Leith,113,906058969,,
322,322,2018-02-19T13:57:55Z,4704,4704,Leominster,118,10022776354,,
320,320,2018-02-19T13:57:55Z,1676,1676,Letchworth,127,100081258138,,
319,319,2018-02-19T13:57:55Z,10690,10690,Leven,113,320182841,,
313,313,2018-02-19T13:57:55Z,5694,5694,"Lincoln Orchard Street",116,235048357,,
310,310,2018-02-19T13:57:55Z,10872,10872,Livingston,113,135004695,,
309,309,2018-02-19T13:57:55Z,9691,9691,"Llandrindod Wells",115,10006970146,,
308,308,2018-02-19T13:57:55Z,9615,9615,Llandudno,115,200002948849,,
307,307,2018-02-19T13:57:55Z,9516,9516,Llanelli,101,10004853934,,
306,306,2018-02-19T13:57:55Z,9603,9603,Llangefni,115,200002645838,,
305,305,2018-02-19T13:57:55Z,9845,9845,Llantrisant,101,100100919968,,
304,304,2018-02-19T13:57:55Z,8785,8785,Loftus,130,10034525268,,
303,303,2018-02-19T13:57:55Z,1503,1503,"London Bridge",129,200003494567,,
302,302,2018-02-19T13:57:55Z,5780,5780,"Long Eaton",112,100032095648,,
300,300,2018-02-19T13:57:55Z,4579,4579,Longton,112,,,
299,299,2018-02-19T13:57:55Z,5813,5813,Loughborough,134,10012191801,,
298,298,2018-02-19T13:57:55Z,1708,1708,Loughton,124,10013926677,,
297,297,2018-02-19T13:57:55Z,5640,5640,Louth,116,100032079770,,
296,296,2018-02-19T13:57:55Z,2774,2774,Lowestoft,126,100091566894,,
295,295,2018-02-19T13:57:55Z,1880,1880,Luton,127,100081189525,,
294,294,2018-02-19T13:57:55Z,1712,1712,Lymington,109,10013631440,,
292,292,2018-02-19T13:57:55Z,7514,7514,Macclesfield,133,100012831184,,
291,291,2018-02-19T13:57:55Z,9681,9681,Machynlleth,115,10011801279,,
289,289,2018-02-19T13:57:55Z,9834,9834,Maesteg,101,100101038394,,
286,286,2018-02-19T13:57:55Z,6711,6711,Maltby,121,100052108595,,
285,285,2018-02-19T13:57:55Z,4726,4726,Malvern,118,200001122492,,
283,283,2018-02-19T13:57:55Z,1835,1835,Margate,117,100062627599,,
281,281,2018-02-19T13:57:55Z,5814,5814,"Market Harborough",134,10034463608,,
279,279,2018-02-19T13:57:55Z,5781,5781,Matlock,112,10070102180,,
278,278,2018-02-19T13:57:55Z,5815,5815,"Melton Mowbray",134,10033212212,,
277,277,2018-02-19T13:57:55Z,9835,9835,"Merthyr Tydfil",103,10034653493,,
276,276,2018-02-19T13:57:55Z,6713,6713,Mexborough,121,100052105288,,
275,275,2018-02-19T13:57:55Z,8788,8788,Middlesbrough,130,100110774667,,
274,274,2018-02-19T13:57:55Z,8787,8787,"Middlesbrough East",130,100110138969,,
273,273,2018-02-19T13:57:55Z,7680,7680,Middleton,110,10023363668,,
272,272,2018-02-19T13:57:55Z,2776,2776,Mildenhall,126,100091500227,,
271,271,2018-02-19T13:57:55Z,9592,9592,"Milford Haven",101,10023952701,,
268,268,2018-02-19T13:57:55Z,1631,1631,Mitcham,129,10091767454,,
267,267,2018-02-19T13:57:55Z,9663,9663,Mold,115,100101033977,,
265,265,2018-02-19T13:57:55Z,7681,7681,Morecambe,105,100012626046,,
264,264,2018-02-19T13:57:55Z,6715,6715,Morley,125,72677285,,
263,263,2018-02-19T13:57:55Z,8607,8607,Morpeth,114,2920010109,,
262,262,2018-02-19T13:57:55Z,9536,9536,Morriston,101,100101016738,,
261,261,2018-02-19T13:57:55Z,10856,10856,Motherwell,108,118076846,,
260,260,2018-02-19T13:57:55Z,9837,9837,"Mountain Ash",101,10090596212,,2017-10-06
259,259,2018-02-19T13:57:55Z,10575,10575,Musselburgh,113,138035784,,
258,258,2018-02-19T13:57:55Z,9839,9839,Neath,101,100100989881,,
257,257,2018-02-19T13:57:55Z,7683,7683,Nelson,105,100012550892,,
256,256,2018-02-19T13:57:55Z,7518,7518,Neston,133,200003330624,,
253,253,2018-02-19T13:57:55Z,8884,8884,"Newcastle City",114,4510719013,,
252,252,2018-02-19T13:57:55Z,8888,8888,"Newcastle East",114,4510137904,,
250,250,2018-02-19T13:57:55Z,4580,4580,Newcastle-under-Lyme,112,,,
248,248,2018-02-19T13:57:55Z,10545,10545,Newlands,108,906700375693,,
247,247,2018-02-19T13:57:55Z,2775,2775,Newmarket,126,100091634652,,
246,246,2018-02-19T13:57:55Z,9880,9880,Newport,103,100101046461,,
245,245,2018-02-19T13:57:55Z,1677,1677,"Newport Isle of Wight",109,10090466523,,
242,242,2018-02-19T13:57:55Z,8825,8825,"Newton Aycliffe",130,10012056953,,
241,241,2018-02-19T13:57:55Z,7684,7684,"Newton Heath",110,77028431,,
240,240,2018-02-19T13:57:55Z,9682,9682,Newtown,115,10090729644,,
239,239,2018-02-19T13:57:55Z,7801,7801,"Norris Green, Liverpool",107,38116234,,2017-09-15
238,238,2018-02-19T13:57:55Z,1506,1506,"North Kensington",120,217119338,,
237,237,2018-02-19T13:57:55Z,8885,8885,"North Shields",114,47049061,,
236,236,2018-02-19T13:57:55Z,2554,2554,"North Walsham",126,100091559210,,
235,235,2018-02-19T13:57:55Z,6788,6788,Northallerton,123,10001287006,,
234,234,2018-02-19T13:57:55Z,5526,5526,Northampton,134,,,
233,233,2018-02-19T13:57:55Z,7520,7520,Northwich,133,100012605030,,
232,232,2018-02-19T13:57:55Z,2555,2555,Norwich,126,200004364086,,
231,231,2018-02-19T13:57:55Z,5664,5664,"Nottingham Central",116,100032094885,,
230,230,2018-02-19T13:57:55Z,4611,4611,Nuneaton,118,100071495628,,
229,229,2018-02-19T13:57:55Z,10633,10633,Oban,111,125010334,,
228,228,2018-02-19T13:57:55Z,4727,4727,Oldbury,131,10008751048,,
227,227,2018-02-19T13:57:55Z,7685,7685,Oldham,110,422000076733,,
226,226,2018-02-19T13:57:55Z,7686,7686,Openshaw,110,10023053072,,
225,225,2018-02-19T13:57:55Z,7687,7687,Ormskirk,105,100012653843,,
222,222,2018-02-19T13:57:55Z,10883,10883,Paisley,111,123055213,,
221,221,2018-02-19T13:57:55Z,1558,1558,"Palmers Green",120,207176263,,
219,219,2018-02-19T13:57:55Z,10558,10558,Partick,108,906700012382,,
218,218,2018-02-19T13:57:55Z,1555,1555,Peckham,129,200003394818,,
217,217,2018-02-19T13:57:55Z,9894,9894,"Pembroke Dock",101,100101022520,,
216,216,2018-02-19T13:57:55Z,9841,9841,Penarth,103,64012696,,
215,215,2018-02-19T13:57:55Z,10576,10576,Penicuik,113,120047338,,
214,214,2018-02-19T13:57:55Z,8511,8511,Penrith,105,10070543364,,
211,211,2018-02-19T13:57:55Z,4564,4564,"Perry Barr",132,100071410008,,
207,207,2018-02-19T13:57:55Z,8839,8839,Peterlee,130,10015142230,,
205,205,2018-02-19T13:57:55Z,1561,1561,Plaistow,119,10008983174,,2017-10-06
203,203,2018-02-19T13:57:55Z,6722,6722,Pontefract,125,63179279,,
202,202,2018-02-19T13:57:55Z,9883,9883,Pontypool,103,100100979138,,
201,201,2018-02-19T13:57:55Z,9847,9847,Pontypridd,101,100101050126,,
200,200,2018-02-19T13:57:55Z,3758,3758,Poole,109,10001092965,,
199,199,2018-02-19T13:57:55Z,1517,1517,Poplar,119,6143302,,
198,198,2018-02-19T13:57:55Z,10884,10884,"Port Glasgow",111,,,2017-10-27
197,197,2018-02-19T13:57:55Z,9503,9503,"Port Talbot",101,200002955756,,
196,196,2018-02-19T13:57:55Z,9838,9838,Porth,101,100100907932,,
195,195,2018-02-19T13:57:55Z,9549,9549,Porthcawl,101,100100904524,,
192,192,2018-02-19T13:57:55Z,1685,1685,Portsmouth,109,1775114125,,
191,191,2018-02-19T13:57:55Z,7757,7757,Preston,105,10007610712,,
190,190,2018-02-19T13:57:55Z,7694,7694,Prestwich,110,100012827214,,
189,189,2018-02-19T13:57:55Z,6769,6769,Pudsey,125,72281000,,
188,188,2018-02-19T13:57:55Z,1567,1567,Purley,129,100023641854,,
187,187,2018-02-19T13:57:55Z,9013,9013,Pwllheli,115,10070363636,,
186,186,2018-02-19T13:57:55Z,9522,9522,Pyle,101,100100902670,,2017-10-06
185,185,2018-02-19T13:57:55Z,1836,1836,Ramsgate,117,100062283044,,
184,184,2018-02-19T13:57:55Z,7697,7697,Rawtenstall,105,100012841476,,
183,183,2018-02-19T13:57:55Z,1594,1594,Rayleigh,124,100091598478,,
181,181,2018-02-19T13:57:55Z,1602,1602,Redbridge,119,10023769855,,
180,180,2018-02-19T13:57:55Z,8790,8790,Redcar,130,200002525342,,
176,176,2018-02-19T13:57:55Z,10885,10885,Renfrew,111,,,
175,175,2018-02-19T13:57:55Z,5662,5662,Retford,116,100032031527,,
174,174,2018-02-19T13:57:55Z,9664,9664,Rhyl,115,200002946124,,
173,173,2018-02-19T13:57:55Z,6791,6791,Richmond,123,10004782036,,
172,172,2018-02-19T13:57:55Z,3504,3504,Ringwood,109,100062213366,,
171,171,2018-02-19T13:57:55Z,7616,7616,Rochdale,110,23061609,,
170,170,2018-02-19T13:57:55Z,1636,1636,Romford,119,100023211637,,
169,169,2018-02-19T13:57:55Z,4705,4705,Ross-On-Wye,118,10091654027,,
168,168,2018-02-19T13:57:55Z,6724,6724,Rotherham,121,100052101887,,
167,167,2018-02-19T13:57:55Z,10603,10603,Rothesay,111,,,
166,166,2018-02-19T13:57:55Z,4612,4612,Rugby,118,10010516224,,
165,165,2018-02-19T13:57:55Z,7553,7553,Runcorn,107,10010612604,,
164,164,2018-02-19T13:57:55Z,5529,5529,Rushden,134,200000740389,,
163,163,2018-02-19T13:57:55Z,7555,7555,Rusholme,110,10023053083,,
162,162,2018-02-19T13:57:55Z,10858,10858,Rutherglen,108,484129720,,
161,161,2018-02-19T13:57:55Z,1691,1691,Ryde,109,100062429028,,
160,160,2018-02-19T13:57:55Z,6515,6515,Ryedale,123,200001270745,,
159,159,2018-02-19T13:57:55Z,7703,7703,Salford,110,10091882950,,
158,158,2018-02-19T13:57:55Z,3800,3800,Salisbury,109,100121332663,,
157,157,2018-02-19T13:57:55Z,10801,10801,Saltcoats,111,126013534,,
156,156,2018-02-19T13:57:55Z,6793,6793,Scarborough,123,100052152975,,
155,155,2018-02-19T13:57:55Z,6645,6645,Scunthorpe,123,100052177650,,
154,154,2018-02-19T13:57:55Z,6652,6652,Seacroft,125,72144829,,
153,153,2018-02-19T13:57:55Z,8845,8845,Seaham,130,200001109395,,
152,152,2018-02-19T13:57:55Z,6728,6728,Selby,123,10034324606,,
151,151,2018-02-19T13:57:55Z,4633,4633,"Selly Oak",132,100071449935,,
150,150,2018-02-19T13:57:55Z,1839,1839,Sheerness,117,10023196502,,
149,149,2018-02-19T13:57:55Z,6731,6731,"Sheffield Bailey Court",121,100052079664,,
148,148,2018-02-19T13:57:55Z,6666,6666,"Sheffield Cavendish Court",121,10003574704,,
147,147,2018-02-19T13:57:55Z,6667,6667,"Sheffield Eastern Ave",121,100052088298,,2017-11-17
146,146,2018-02-19T13:57:55Z,6509,6509,"Sheffield Hillsborough",121,200002995139,,
145,145,2018-02-19T13:57:55Z,6750,6750,"Sheffield Woodhouse",121,100052216768,,
144,144,2018-02-19T13:57:55Z,1682,1682,"Shepherds Bush",106,34136575,,
143,143,2018-02-19T13:57:55Z,10544,10544,Shettleston,108,906700207750,,
141,141,2018-02-19T13:57:55Z,5517,5517,Shirebrook,112,100032111061,,
139,139,2018-02-19T13:57:55Z,9665,9665,Shotton,115,10013704600,,
137,137,2018-02-19T13:57:55Z,1840,1840,Sittingbourne,117,100062376269,,
136,136,2018-02-19T13:57:55Z,5644,5644,Skegness,116,10091943333,,
135,135,2018-02-19T13:57:55Z,7688,7688,Skelmersdale,105,10012339827,,
133,133,2018-02-19T13:57:55Z,5695,5695,Sleaford,116,10006540778,,
131,131,2018-02-19T13:57:55Z,4582,4582,Smethwick,131,32147178,,
130,130,2018-02-19T13:57:55Z,4614,4614,Solihull,132,100071489569,,
129,129,2018-02-19T13:57:55Z,8848,8848,"South Shields",114,200000000852,,
127,127,2018-02-19T13:57:55Z,1769,1769,Southampton,109,100062501824,,
126,126,2018-02-19T13:57:55Z,1596,1596,Southend,124,10091842408,,
125,125,2018-02-19T13:57:55Z,7705,7705,Southport,107,10091831977,,
124,124,2018-02-19T13:57:55Z,8849,8849,Southwick,114,45031515,,
122,122,2018-02-19T13:57:55Z,4642,4642,Sparkhill,132,100071422573,,
121,121,2018-02-19T13:57:55Z,6738,6738,"Spen Valley",125,83118838,,
120,120,2018-02-19T13:57:55Z,8850,8850,Spennymoor,130,100110748803,,
119,119,2018-02-19T13:57:55Z,10561,10561,Springburn,108,906700346364,,
118,118,2018-02-19T13:57:55Z,1672,1672,"St Albans",127,10024115151,,
116,116,2018-02-19T13:57:55Z,7708,7708,"St Helens",107,39010399,,
115,115,2018-02-19T13:57:55Z,1509,1509,"St Marylebone",120,10033548864,,
114,114,2018-02-19T13:57:55Z,10692,10692,"St. Andrews",113,320176813,,
113,113,2018-02-19T13:57:55Z,4583,4583,Stafford,112,100032201669,,
111,111,2018-02-19T13:57:55Z,7524,7524,Stalybridge,110,100012777247,,2017-09-08
110,110,2018-02-19T13:57:55Z,5697,5697,Stamford,116,100032175782,,
109,109,2018-02-19T13:57:55Z,8852,8852,Stanley,130,200004280046,,
108,108,2018-02-19T13:57:55Z,5783,5783,Staveley,112,74024357,,
107,107,2018-02-19T13:57:55Z,1694,1694,Stevenage,127,,,
106,106,2018-02-19T13:57:55Z,10795,10795,Stirling,113,122017672,,
105,105,2018-02-19T13:57:55Z,7525,7525,Stockport,110,100012769756,,
104,104,2018-02-19T13:57:55Z,8553,8553,Stockton,130,10009305734,,
103,103,2018-02-19T13:57:55Z,1629,1629,Stockwell,129,200000458892,,
101,101,2018-02-19T13:57:55Z,4730,4730,Stourbridge,131,90153387,,
100,100,2018-02-19T13:57:55Z,2778,2778,Stowmarket,126,100091488330,,
99,99,2018-02-19T13:57:55Z,10601,10601,Stranraer,111,10091771681,,
98,98,2018-02-19T13:57:55Z,1621,1621,Stratford,119,46250398,,
97,97,2018-02-19T13:57:55Z,4616,4616,Stratford-upon-Avon,118,10023584943,,
96,96,2018-02-19T13:57:55Z,1783,1783,Streatham,129,100023320218,,
95,95,2018-02-19T13:57:55Z,7782,7782,Stretford,110,100012700169,,
93,93,2018-02-19T13:57:55Z,2779,2779,Sudbury,126,100091457845,,
92,92,2018-02-19T13:57:55Z,8854,8854,Sunderland,114,45005867,,
90,90,2018-02-19T13:57:55Z,4617,4617,"Sutton Coldfield",132,100071483408,,
88,88,2018-02-19T13:57:55Z,5784,5784,Swadlincote,112,200003155371,,
87,87,2018-02-19T13:57:55Z,9854,9854,Swansea,101,200002954241,,
86,86,2018-02-19T13:57:55Z,3807,3807,Swindon,109,10009420961,,
85,85,2018-02-19T13:57:55Z,4586,4586,Tamworth,112,394033070,,
80,80,2018-02-19T13:57:55Z,8803,8803,Thornaby,130,100110795690,,
79,79,2018-02-19T13:57:55Z,6742,6742,Thorne,121,100051985349,,
78,78,2018-02-19T13:57:55Z,1557,1557,"Thornton Heath",129,100022915968,,
77,77,2018-02-19T13:57:55Z,4587,4587,Tipton,131,32024002,,
75,75,2018-02-19T13:57:55Z,6743,6743,Todmorden,125,100051355614,,
74,74,2018-02-19T13:57:55Z,1842,1842,Tonbridge,117,100062594129,,
73,73,2018-02-19T13:57:55Z,9855,9855,Tonypandy,101,200003771391,,
70,70,2018-02-19T13:57:55Z,1540,1540,Tottenham,120,10091942782,,
69,69,2018-02-19T13:57:55Z,7676,7676,Toxteth,107,38076105,,
68,68,2018-02-19T13:57:55Z,9885,9885,Tredegar,103,10014117927,,2017-09-01
67,67,2018-02-19T13:57:55Z,9858,9858,Treorchy,101,100100909649,,
66,66,2018-02-19T13:57:55Z,3804,3804,Trowbridge,109,100121340538,,
63,63,2018-02-19T13:57:55Z,1733,1733,Twickenham,106,10002266961,,
62,62,2018-02-19T13:57:55Z,7552,7552,Upton,107,42177623,,
60,60,2018-02-19T13:57:55Z,6744,6744,Wakefield,125,63156047,,
59,59,2018-02-19T13:57:55Z,8889,8889,Wallsend,114,47085050,,
58,58,2018-02-19T13:57:55Z,4635,4635,"Walsall Bayard House",131,100071404237,,
57,57,2018-02-19T13:57:55Z,4589,4589,"Walsall Bridle Court",131,100071545790,,
56,56,2018-02-19T13:57:55Z,1697,1697,"Waltham Cross",127,10091906744,,
55,55,2018-02-19T13:57:55Z,1639,1639,Walthamstow,119,100022983039,,
53,53,2018-02-19T13:57:55Z,7713,7713,Warrington,133,100012792948,,
52,52,2018-02-19T13:57:55Z,8855,8855,Washington,114,45070891,,
51,51,2018-02-19T13:57:55Z,4618,4618,"Washwood Heath",132,100071486449,,
50,50,2018-02-19T13:57:55Z,1673,1673,Watford,127,100081284238,,
48,48,2018-02-19T13:57:55Z,5532,5532,Wellingborough,134,100032155180,,
45,45,2018-02-19T13:57:55Z,9683,9683,Welshpool,115,10090259710,,
44,44,2018-02-19T13:57:55Z,1573,1573,Wembley,106,202047728,,
43,43,2018-02-19T13:57:55Z,4591,4591,"West Bromwich",131,32087490,,
42,42,2018-02-19T13:57:55Z,7720,7720,"West Derby, Liverpool",107,38049819,,
41,41,2018-02-19T13:57:55Z,10887,10887,"Wester Hailes, Edinburgh",113,906175737,,
40,40,2018-02-19T13:57:55Z,1523,1523,Westminster,120,100023338393,,2017-09-08
37,37,2018-02-19T13:57:54Z,3780,3780,Weymouth,109,10002059735,,
36,36,2018-02-19T13:57:54Z,6797,6797,Whitby,123,100052160289,,
34,34,2018-02-19T13:57:54Z,8513,8513,Whitehaven,105,10000899871,,
31,31,2018-02-19T13:57:54Z,7716,7716,Widnes,107,100012810638,,
30,30,2018-02-19T13:57:54Z,7717,7717,Wigan,110,10009213349,,
29,29,2018-02-19T13:57:54Z,4592,4592,Willenhall,131,100071558670,,
28,28,2018-02-19T13:57:54Z,1543,1543,Willesden,106,202018022,,
26,26,2018-02-19T13:57:54Z,7528,7528,Wilmslow,133,100012790413,,2017-10-20
25,25,2018-02-19T13:57:54Z,1698,1698,Winchester,109,10024209356,,
23,23,2018-02-19T13:57:54Z,3608,3608,Winton,109,100041113367,,2017-09-22
22,22,2018-02-19T13:57:54Z,2744,2744,Wisbech,126,100091512912,,
21,21,2018-02-19T13:57:54Z,1745,1745,Witham,124,100091620585,,
18,18,2018-02-19T13:57:54Z,4641,4641,"Wolverhampton Chapel Court",131,100071555372,,
17,17,2018-02-19T13:57:54Z,4593,4593,"Wolverhampton Molineux House",131,100071562951,,
16,16,2018-02-19T13:57:54Z,6749,6749,Wombwell,121,100052114993,,
15,15,2018-02-19T13:57:54Z,1544,1544,"Wood Green",120,100023178278,,
14,14,2018-02-19T13:57:54Z,2781,2781,Woodbridge,126,100091485776,,
13,13,2018-02-19T13:57:54Z,1524,1524,Woolwich,129,100023245431,,
12,12,2018-02-19T13:57:54Z,4732,4732,Worcester,118,10091954792,,
11,11,2018-02-19T13:57:54Z,8515,8515,Workington,105,10000880657,,
10,10,2018-02-19T13:57:54Z,5666,5666,Worksop,116,10090593239,,
9,9,2018-02-19T13:57:54Z,7712,7712,Worsley,110,10091870950,,
7,7,2018-02-19T13:57:54Z,9673,9673,Wrexham,115,10013540825,,
5,5,2018-02-19T13:57:54Z,4600,4600,"Yardley, Birmingham",132,100071445714,,
2,2,2018-02-19T13:57:54Z,6752,6752,"York Monkgate",123,100052185207,,
1,1,2018-02-19T13:57:54Z,9679,9679,Ystradgynlais,115,100101024859,,
